Manufacturer,Year,Model,Price
Honda,2018,Jazz,769305
Honda,2024,Jazz,346705
Honda,2023,Jazz,402777
Honda,2022,Jazz,436500
Honda,2021,Jazz,410500
Honda,2019,Jazz,752500
Honda,2018,Amaze,728276
Honda,2022,Amaze,485000
Honda,2021,Amaze,535029
Honda,2020,Amaze,548659
Honda,2019,Amaze,595320
Honda,2018,Brio,574828
Honda,2023,Brio,346666
Honda,2022,Brio,348797
Honda,2021,Brio,384535
Honda,2020,Brio,435142
Honda,2019,Brio,487500
Honda,2018,Mobilio,1028067
Honda,2020,Mobilio,800039
Honda,2019,Mobilio,808187
Honda,2018,City,1164178
Honda,2024,City,451320
Honda,2023,City,523554
Honda,2022,City,610518
Honda,2021,City,662046
Honda,2020,City,890060
Honda,2019,City,965615
Honda,2018,Accord,4020854
Honda,2024,Accord,687473
Honda,2023,Accord,802466
Honda,2022,Accord,1014833
Honda,2021,Accord,1237000
